,id,username
,1,Kenton_Kirlin
,2,Andre_Purdy85
,3,Harley_Lind18
,4,Arely_Bogan63
,6,Travon.Waters
,8,Tabitha_Schamberger11
,9,Gus93
,10,Presley_McClure
,11,Justina.Gaylord27
,12,Dereck65
,13,Alexandro35
,15,Billy52
,16,Annalise.McKenzie16
,17,Norbert_Carroll35
,18,Odessa2
,19,Hailee26
,20,Delpha.Kihn
,22,Kenneth64
,23,Eveline95
,26,Josianne.Friesen
,27,Darwin29
,28,Dario77
,29,Jaime53
,30,Kaley9
,31,Aiyana_Hoeger
,32,Irwin.Larson
,33,Yvette.Gottlieb91
,35,Lennie_Hartmann40
,37,Yazmin_Mills95
,38,Jordyn.Jacobson2
,39,Kelsi26
,40,Rafael.Hickle2
,42,Maya.Farrell
,43,Janet.Armstrong
,44,Seth46
,46,Malinda_Streich
,47,Harrison.Beatty50
,48,Granville_Kutch
,50,Gerard79
,51,Mariano_Koch3
,52,Zack_Kemmer93
,55,Meggie_Doyle
,56,Peter.Stehr0
,58,Aurelie71
,59,Cesar93
,60,Sam52
,61,Jayson65
,62,Ressie_Stanton46
,63,Elenor88
,64,Florence99
,65,Adelle96
,67,Emilio_Bernier52
,69,Karley_Bosco
,70,Erick5
,72,Kathryn80
,73,Jaylan.Lakin
,77,Donald.Fritsch
,78,Colten.Harris76
,79,Katarina.Dibbert
,82,Aracely.Johnston98
,84,Alysa22
,85,Milford_Gleichner42
,86,Delfina_VonRueden68
,87,Rick29
,88,Clint27
,92,Frederik_Rice
,93,Willie_Leuschke
,94,Damon35
,95,Nicole71
,96,Keenan.Schamberger60
,97,Tomas.Beatty93
,98,Imani_Nicolas17
,99,Alek_Watsica
,100,Javonte83
Total count,74,
