username,id
Kenton_Kirlin,1
Andre_Purdy85,2
Harley_Lind18,3
Arely_Bogan63,4
Aniya_Hackett,5
Travon.Waters,6
Kasandra_Homenick,7
Tabitha_Schamberger11,8
Gus93,9
Presley_McClure,10
Justina.Gaylord27,11
Dereck65,12
Alexandro35,13
Jaclyn81,14
Billy52,15
Annalise.McKenzie16,16
Norbert_Carroll35,17
Odessa2,18
Hailee26,19
Delpha.Kihn,20
Rocio33,21
Kenneth64,22
Eveline95,23
Maxwell.Halvorson,24
Tierra.Trantow,25
Josianne.Friesen,26
Darwin29,27
Dario77,28
Jaime53,29
Kaley9,30
Aiyana_Hoeger,31
Irwin.Larson,32
Yvette.Gottlieb91,33
Pearl7,34
Lennie_Hartmann40,35
Ollie_Ledner37,36
Yazmin_Mills95,37
Jordyn.Jacobson2,38
Kelsi26,39
Rafael.Hickle2,40
Mckenna17,41
Maya.Farrell,42
Janet.Armstrong,43
Seth46,44
David.Osinski47,45
Malinda_Streich,46
Harrison.Beatty50,47
Granville_Kutch,48
Morgan.Kassulke,49
Gerard79,50
Mariano_Koch3,51
Zack_Kemmer93,52
Linnea59,53
Duane60,54
Meggie_Doyle,55
Peter.Stehr0,56
Julien_Schmidt,57
Aurelie71,58
Cesar93,59
Sam52,60
Jayson65,61
Ressie_Stanton46,62
Elenor88,63
Florence99,64
Adelle96,65
Mike.Auer39,66
Emilio_Bernier52,67
Franco_Keebler64,68
Karley_Bosco,69
Erick5,70
Nia_Haag,71
Kathryn80,72
Jaylan.Lakin,73
Hulda.Macejkovic,74
Leslie67,75
Janelle.Nikolaus81,76
Donald.Fritsch,77
Colten.Harris76,78
Katarina.Dibbert,79
Darby_Herzog,80
Esther.Zulauf61,81
Aracely.Johnston98,82
Bartholome.Bernhard,83
Alysa22,84
Milford_Gleichner42,85
Delfina_VonRueden68,86
Rick29,87
Clint27,88
Jessyca_West,89
Esmeralda.Mraz57,90
Bethany20,91
Frederik_Rice,92
Willie_Leuschke,93
Damon35,94
Nicole71,95
Keenan.Schamberger60,96
Tomas.Beatty93,97
Imani_Nicolas17,98
Alek_Watsica,99
Javonte83,100
Kenton_Kirlin,101
Andre_Purdy85,102
Harley_Lind18,103
Arely_Bogan63,104
Aniya_Hackett,105
Travon.Waters,106
Kasandra_Homenick,107
Tabitha_Schamberger11,108
Gus93,109
Presley_McClure,110
Justina.Gaylord27,111
Dereck65,112
Alexandro35,113
Jaclyn81,114
Billy52,115
Annalise.McKenzie16,116
Norbert_Carroll35,117
Odessa2,118
Hailee26,119
Delpha.Kihn,120
Rocio33,121
Kenneth64,122
Eveline95,123
Maxwell.Halvorson,124
Tierra.Trantow,125
Josianne.Friesen,126
Darwin29,127
Dario77,128
Jaime53,129
Kaley9,130
Aiyana_Hoeger,131
Irwin.Larson,132
Yvette.Gottlieb91,133
Pearl7,134
Lennie_Hartmann40,135
Ollie_Ledner37,136
Yazmin_Mills95,137
Jordyn.Jacobson2,138
Kelsi26,139
Rafael.Hickle2,140
Mckenna17,141
Maya.Farrell,142
Janet.Armstrong,143
Seth46,144
David.Osinski47,145
Malinda_Streich,146
Harrison.Beatty50,147
Granville_Kutch,148
Morgan.Kassulke,149
Gerard79,150
Mariano_Koch3,151
Zack_Kemmer93,152
Linnea59,153
Duane60,154
Meggie_Doyle,155
Peter.Stehr0,156
Julien_Schmidt,157
Aurelie71,158
Cesar93,159
Sam52,160
Jayson65,161
Ressie_Stanton46,162
Elenor88,163
Florence99,164
Adelle96,165
Mike.Auer39,166
Emilio_Bernier52,167
Franco_Keebler64,168
Karley_Bosco,169
Erick5,170
Nia_Haag,171
Kathryn80,172
Jaylan.Lakin,173
Hulda.Macejkovic,174
Leslie67,175
Janelle.Nikolaus81,176
Donald.Fritsch,177
Colten.Harris76,178
Katarina.Dibbert,179
Darby_Herzog,180
Esther.Zulauf61,181
Aracely.Johnston98,182
Bartholome.Bernhard,183
Alysa22,184
Milford_Gleichner42,185
Delfina_VonRueden68,186
Rick29,187
Clint27,188
Jessyca_West,189
Esmeralda.Mraz57,190
Bethany20,191
Frederik_Rice,192
Willie_Leuschke,193
Damon35,194
Nicole71,195
Keenan.Schamberger60,196
Tomas.Beatty93,197
Imani_Nicolas17,198
Alek_Watsica,199
Javonte83,200
Kenton_Kirlin,201
Andre_Purdy85,202
Harley_Lind18,203
Arely_Bogan63,204
Aniya_Hackett,205
Travon.Waters,206
Kasandra_Homenick,207
Tabitha_Schamberger11,208
Gus93,209
Presley_McClure,210
Justina.Gaylord27,211
Dereck65,212
Alexandro35,213
Jaclyn81,214
Billy52,215
Annalise.McKenzie16,216
Norbert_Carroll35,217
Odessa2,218
Hailee26,219
Delpha.Kihn,220
Rocio33,221
Kenneth64,222
Eveline95,223
Maxwell.Halvorson,224
Tierra.Trantow,225
Josianne.Friesen,226
Darwin29,227
Dario77,228
Jaime53,229
Kaley9,230
Aiyana_Hoeger,231
Irwin.Larson,232
Yvette.Gottlieb91,233
Pearl7,234
Lennie_Hartmann40,235
Ollie_Ledner37,236
Yazmin_Mills95,237
Jordyn.Jacobson2,238
Kelsi26,239
Rafael.Hickle2,240
Mckenna17,241
Maya.Farrell,242
Janet.Armstrong,243
Seth46,244
David.Osinski47,245
Malinda_Streich,246
Harrison.Beatty50,247
Granville_Kutch,248
Morgan.Kassulke,249
Gerard79,250
Mariano_Koch3,251
Zack_Kemmer93,252
Linnea59,253
Duane60,254
Meggie_Doyle,255
Peter.Stehr0,256
Julien_Schmidt,257
Aurelie71,258
Cesar93,259
Sam52,260
Jayson65,261
Ressie_Stanton46,262
Elenor88,263
Florence99,264
Adelle96,265
Mike.Auer39,266
Emilio_Bernier52,267
Franco_Keebler64,268
Karley_Bosco,269
Erick5,270
Nia_Haag,271
Kathryn80,272
Jaylan.Lakin,273
Hulda.Macejkovic,274
Leslie67,275
Janelle.Nikolaus81,276
Donald.Fritsch,277
Colten.Harris76,278
Katarina.Dibbert,279
Darby_Herzog,280
Esther.Zulauf61,281
Aracely.Johnston98,282
Bartholome.Bernhard,283
Alysa22,284
Milford_Gleichner42,285
Delfina_VonRueden68,286
Rick29,287
Clint27,288
Jessyca_West,289
Esmeralda.Mraz57,290
Bethany20,291
Frederik_Rice,292
Willie_Leuschke,293
Damon35,294
Nicole71,295
Keenan.Schamberger60,296
Tomas.Beatty93,297
Imani_Nicolas17,298
Alek_Watsica,299
Javonte83,300
